esm,famil,keshvar,rang,ashia,ghaza
اوا,اسدی,المان,ابی,استکان,اب گوشت
ارزو,ارمانی,البانی,اجری,ایینه,اش
اتنا,اکبری,انگولا,ارغوانی,اره,برنج خورشت
ارش,اعظمی,اتریش,ارکیده,اره برقی,باقالی پلو
امنه,امینی,امریکا,البالویی,اب پاش,به پلو
ارمین,ازادی,ایتالیا,بژ,بیل,باقلوا
ایدا,بابایی,ارژانتین,بنفش,بمب,پیتزا
امیر,بهرامی,ارمنستان,بلوطی,بخاری,پلو
ارمان,باقری,اذربایجان,پرتغالی,پارو,پیتزا
بردیا,بهشتی,افریقا,پرکلاغی,پنکه,پوره سیب زمینی
بهنام,براتی,اندورا,پسته ای,پارچه,ته چین
بهرام,بانی,اتریش,پوست پیازی,پنبه,تاس کباب
بابک,پهلوانی,استرالیا,توسی,توپ,ترشی تره
بیت الله,پور ایمان,اردن,ثعلبی,تاج,ثرید
بیتا,پیرایی,ازبکستان,جیوه ای,تنیس,ثریایی
باران,پناهی,اسپانیا,جگری,تاب,جوجه
بهاره,پورحسین,امارات,جیگری,ثانیه شمار,جوجه کباب
بهناز,پاکزاد,امریکا,جوهری,ثابت کننده,جعفری پلو
بهنوش,پورمحمدی,اوکراین,چمنی,جک ماشین,چلو کباب
پروانه,تیموری,ایتالیا,حلوایی,جارو,چنجه
پرویز,ترابی,ایران,حنایی,چکش,چلو مرغ
پرنیان,توحیدی,ایرلند,خاکستری,چمدان,چلو گوشت
پروین,تبریزی,ایسلند,خرمایی,چوب,حلیم
پونه,توحدی,باربادوس,خاکی,چرخ خیاطی,حلوا
پریسا,ثنایی,باهاما,دودی,چسب,خورشت بادمجان
پدرام,ثریایی,بحرین,دلفینی,چتر,خاگینه
پیمان,ثروتمند,برزیل,دوغی,چینه,خورشت الو
پارسا,جاویدی,بریتانیا,ذغالی,حوله,دلمه
پرهام,جوادی,بلاروس,روناسی,حوله خشک کن,دم پختک
پوریا,جواهری,بلژیک,زرشکی,حسگر,دمی گوجه
پرویز,چنگیزی,بلغارستان,زرد,خطکش,دندونی
توحید,چمنی,بنگلادش,ژله ای,خط کش,ذرت پلو
ترانه,چمرانی,بوتسوانا,ژولکی,خیمه,رنگینک
تینا,چمن ماه,بولیوی,سبز,دست کش,رشته پلو
ترلان,حاتمی,پاراگوئه,سفید,داس,رشته
تارا,حسینی,پاکستان,سرمه ای,دمپایی,زرشک پلو
ترنج,حیاتی,پاناما,سیاه,ذغال,زردک پلو
ترنم,حمیدی,پرتغال,شیری,ذره بین,ژامبون
ثریا,خمینی,پرو,شرابی,رنده,ژیگو
ثنا,خطیبی,ترکیه,شکلاتی,رومیزی,ژلاتین
ثمین,داوودی,تانزانیا,صورتی,رادار,ژله
جواد,درخشانی,تایلند,صدفی,رادیو,سیرابی
جعفر,دلدار,ترکمنستان,ضد رنگ,زنبیل,سبزی پلو
جواهر,درگاهی,تاجیکستان,طوسی,زنجیر,شوربا
جمال,ذبیحی,جیبوتی,طلایی,زین,شامی
جلال,ذیلائی,جامايیکا,عنابی,زیلو,شیرین پلو
چنگیز,ریاحی,جزایر سلیمان,عسلی,زنگوله,شیوید باقالی
چکامه,رضایی,جبل الطارق,فیلی,زنگ,شلغم پلو
چترا,رسایی,چین,فندوقی,ژیلت,شیر برنج
حمید,رشیدی,چک,فسفری,ژیروسکوپ,صدف
حامد,رستمی,حبشه,فیروزه ای,سبد,صدف پلو
حسن,رامین فر,خمیس,قرمز,سوزن,طاس کباب
حشمت,زهرایی,خرونا,قهوه ای,سرمه,عدسی
خلیل,زاهدی,دانمارک,کرمی,سیخ,عدس پلو
خسرو,زال,دومینیکین,کالباسی,سوت,غاز شکم پر
دنیا,ژوله,ذمار,کبود,شیشه,فسنجان
داریوش,ژوینوسی,رومانی,کله غازی,شلنگ,فلافل
داوود,سوری,روسیه,گلبهی,شیلنگ,فیله مرغ
دلارام,سهرابی,زیمباوه,گیلاسی,شمشیر,قورمه سبزی
درسا,سلیمانی,زامبیا,لیمویی,صابون,قیمه
درنا,شرفی,ژاپن,لاجورد,صندوقچه,کتلت
ذوالفقار,شکوهی,سومالی,مشکی,صندوق چه,کلم پلو
ریما,شهبازی,سوریه,میشی,ضبط,کوکو
رامبد,شوقی,سوئیس,مهتابی,طناب,کباب
راحله,شمسی,سوئد,نارنجی,طبل,کالباس
روشا,صباحی,سریلانکا,نیلی,ظرف شویی,کشک بادمجان
روشنک,صارمی,شیلی,نوک مدادی,ظرفشویی,گوشت کوبیده
رها,صوفی,صربستان,نفره ای,عینک,گوله ریزه
رشید,ضیایی,طبرستان,وانیلی,عصا,لوبیا پلو
ژاله,ضرابی,عراق,هلویی,عروسک,لازانیا
ژینوس,طاهری,عربستان,یشمی,غذا ساز,ماکارونی
ژیلا,طیبی,عمان,یاسی,غذاساز,مرصع پلو
ژیوار,ظفری,غنا,,غلطک,ماهی
سعید,عبدی,فرانسه,,فرش,میگو
سانیار,عباسی,فنلاند,,فرفره,نخود پلو
سهیل,عباس پور,فلسطین,,قالی,نیمرو
سامان,عامل,قزاقستان,,قرقره,نرگسی
سارینا,غفرانی,کلمبیا,,قوری,والک پلو
سعیده,غضنفری,کانادا,,قاشق,همبرگر
سما,غلامی,کویت,,قاب عکس,هویج پلو
سلیب,فرخی,کوبا,,قلاب ماهیگیری,یتیمچه
سمانه,فرهادی,کنیا,,کفش,
سارا,فتحی,کاستاریکا,,کلید,
ساغر,فدوی,گرجستان,,کاردک,
ساجده,قنبری,گرنادا,,کمد,
سارینا,قاسمی,لهستان,,کوله پشتی,
شیما,قاصدی,لبنان,,کیف,
شهرام,کرمی,لیبی,,کتاب,
شکوفه,کیوانی,مالزی,,کنترل,
شهرزاد,کریمی,مکزیک,,گاری,
شراره,گلزار,مصر,,گوشواره,
شهباز,گلرخیان,مالی,,گیلیم,
شعبان,لادنی,مالت,,لوستر,
صابر,لهراسبی,مجارستان,,لامپ,
صبا,محمدی,مقدونیه,,لوله,
صوفیا,مهدوی,نروژ,,میخ,
صاحب,محبی,نپال,,میز,
ضیاالدین,مهربانی,نییجریه,,منگه,
طاهر,مرحبایی,ویتنام,,نوک مداد,
طیبه,منوچهری,واتیکان,,نخ,
طناز,مینایی,ولز,,نردبان,
طاها,نادری,ونزوئلا,,نمکدان,
ظفر,نوروزی,هند,,نلبکی,
ظهیر,نظری,هلند,,وان,
علی,وحیدی,یونان,,هاون,
عباس,وثوقی,یوگسلاوی,,یقه,
عارف,والی,یمن,,یراق,
عرفان,هرمزی,,,یخ,
غلام,هاشمی,,,یخچال,
غزاله,یادگاری,,,,
غضنفر,یاسینی,,,,
فرهاد,یحیی آبادی,,,,
فرزین,,,,,
فریبا,,,,,
فهیمه,,,,,
فرشته,,,,,
فرزاد,,,,,
فاطمه,,,,,
قاسم,,,,,
قنبر,,,,,
قاصدک,,,,,
قلی,,,,,
کامران,,,,,
کتایون,,,,,
کرم,,,,,
کارا,,,,,
گلی,,,,,
گلرخ,,,,,
گلچهره,,,,,
گلاره,,,,,
گوهر,,,,,
لیلا,,,,,
لعیا,,,,,
لاله,,,,,
لادن,,,,,
لیدا,,,,,
مهدی,,,,,
مجتبی,,,,,
مانی,,,,,
ماهان,,,,,
میکاییل,,,,,
مبین,,,,,
محمد,,,,,
منوچهر,,,,,
مینا,,,,,
مبین,,,,,
مهتاب,,,,,
مهدیه,,,,,
مریم,,,,,
ملیکا,,,,,
مهسا,,,,,
مهرنوش,,,,,
مرجان,,,,,
مروارید,,,,,
مونس,,,,,
نیما,,,,,
نادر,,,,,
ندا,,,,,
نرگس,,,,,
وحید,,,,,
ولی,,,,,
هدی,,,,,
هلیا,,,,,
یاسر,,,,,
یلدا,,,,,
یاسمن,,,,,
یاس,,,,,